paris_row_id,referral_id,source_client_id,program_code,status_code,event_at,modified_at,referral_note
PAR-D00001,REF00021,P00021,LTC-ACC,REFERRED,2025-03-05T13:00:00Z,2025-03-05T14:00:00Z,
PAR-D00002,REF00021,P00021,LTC-ACC,ASSESSED,2025-03-09T13:00:00Z,2025-03-09T14:00:00Z,
PAR-D00003,REF00022,P00022,LTC-HOME,REFERRED,2025-03-08T08:00:00Z,2025-03-08T09:00:00Z,
PAR-D00004,REF00022,P00022,LTC-HOME,ASSESSED,2025-03-25T08:00:00Z,2025-03-25T09:00:00Z,
PAR-N00021,REF00021,P00021,LTC-ACC,READY,2025-03-16T13:00:00Z,2025-03-16T14:00:00Z,
PAR-N00022,REF00022,P00022,LTC-HOME,READY,2025-04-01T08:00:00Z,2025-04-01T09:00:00Z,
PAR-N00023,REF00023,P00023,LTC-TRANS,READY,2025-03-31T10:00:00Z,2025-03-31T11:00:00Z,
PAR-X00030,REF-X00030,P00030,LTC-UNMAPPED,REFERRED,2026-01-26T08:00:00Z,2026-01-26T09:00:00Z,Synthetic note requiring classification
PAR-X00031,REF-X00031,P00031,LTC-UNMAPPED,REFERRED,2026-01-27T08:00:00Z,2026-01-27T09:00:00Z,Synthetic note requiring classification
